"Name","2021-01-02","2021-01-03","2021-01-06","2021-01-09","2021-01-12","2021-01-15","2021-01-16","2021-01-18","2021-01-20","2021-01-21","2021-01-22 15:03","2021-01-22 16:26","2021-01-22 20:29","2021-01-22","2021-01-23 00:31","2021-01-23 04:24","2021-01-23 08:23","2021-01-23 12:16","2021-01-23 16:23","2021-01-23 20:25","2021-01-24 00:28","2021-01-24 04:29","2021-01-24 08:24","2021-01-24 12:17","2021-01-24 16:24","2021-01-24 20:25","2021-01-25 00:29","2021-01-25 04:28","2021-01-25 08:25","2021-01-25 12:18","2021-01-25 16:25","2021-01-25 20:27","2021-01-26 00:05","2021-01-26 04:05","2021-01-26 08:01","2021-01-26 12:01","2021-01-26 16:05","2021-01-26 20:02","2021-01-27 00:04","2021-01-27 04:05","2021-01-27 08:01","2021-01-27 12:02","2021-01-27 16:06","2021-01-27 20:01","2021-01-28 00:05","2021-01-28 08:53","2021-01-28 12:01","2021-01-28 16:06","2021-01-28 20:02","2021-01-29 00:06","2021-01-29 04:09","2021-01-29 08:01","2021-01-29 12:01","2021-01-29 16:06","2021-01-29 20:01","2021-01-30 00:04","2021-01-30 04:04","2021-01-30 08:04","2021-01-30 12:01","2021-01-30 16:05","2021-01-30 20:01","2021-01-31 00:04","2021-01-31 04:04","2021-01-31 08:01","2021-01-31 12:01","2021-01-31 16:05","2021-01-31 20:04","2021-02-01 00:04","2021-02-01 04:05","2021-02-01 08:01","2021-02-01 12:01","2021-02-01 16:05","2021-02-01 20:01","2021-02-02 00:05","2021-02-02 04:06","2021-02-02 08:01","2021-02-02 12:01","2021-02-02 16:05","2021-02-02 20:01","2021-02-03 00:02","2021-02-03 04:01","2021-02-03 08:01","2021-02-03 12:01","2021-02-03 16:02","2021-02-03 20:01","2021-02-04 00:02","2021-02-04 04:01","2021-02-04 08:01","2021-02-04 12:01","2021-02-04 16:01","2021-02-04 20:01","2021-02-05 00:02","2021-02-05 04:01","2021-02-05 08:01","2021-02-05 12:01","2021-02-05 16:02","2021-02-05 20:01","2021-02-06 00:02","2021-02-06 04:01","2021-02-06 08:01","2021-02-06 12:01","2021-02-06 16:01","2021-02-06 20:01","2021-02-07 00:03","2021-02-07 04:01","2021-02-07 08:01","2021-02-07 12:01","2021-02-07 16:01","2021-02-07 20:01","2021-02-08 00:02","2021-02-08 04:01","2021-02-08 08:01","2021-02-08 12:01","2021-02-08 20:01","2021-02-09 00:02","2021-02-09 04:01","2021-02-09 08:01","2021-02-09 12:01","2021-02-09 16:06","2021-02-09 20:01","2021-02-10 04:01","2021-02-10 08:01","2021-02-10 12:01","2021-02-10 16:01","2021-02-10 20:01","2021-02-11 00:02","2021-02-11 04:01","2021-02-11 08:01","2021-02-11 12:01","2021-02-11 16:01","2021-02-11 20:01","2021-02-12 00:02","2021-02-12 04:01","2021-02-12 08:01","2021-02-12 12:01","2021-02-12 16:01","2021-02-12 20:01","2021-02-13 00:02","2021-02-13 04:01","2021-02-13 08:01","2021-02-13 12:01","2021-02-13 16:01","2021-02-13 20:01","2021-02-14 00:02","2021-02-14 04:01","2021-02-14 08:01","2021-02-14 12:01","2021-02-14 16:01","2021-02-14 20:01","2021-02-15 00:02","2021-02-15 04:01","2021-02-15 08:07","2021-02-15 12:01","2021-02-15 16:01","2021-02-15 20:01","2021-02-16 00:02","2021-02-16 04:01","2021-02-16 08:01","2021-02-16 12:01","2021-02-16 16:01","2021-02-16 20:01","2021-02-17 00:02","2021-02-17 04:01","2021-02-17 08:01","2021-02-17 12:01","2021-02-17 16:01","2021-02-17 20:01","2021-02-18 00:02","2021-02-18 04:01","2021-02-18 08:01","2021-02-18 12:01","2021-02-18 16:01","2021-02-18 20:01","2021-02-19 00:02","2021-02-19 04:01","2021-02-19 08:01","2021-02-19 12:01","2021-02-19 16:01","2021-02-19 20:01","2021-02-20 00:02","2021-02-20 04:01","2021-02-20 08:01","2021-02-20 12:01","2021-02-20 16:01","2021-02-20 20:01","2021-02-21 00:02","2021-02-21 04:01","2021-02-21 08:01","2021-02-21 12:01","2021-02-21 16:01","2021-02-21 20:01","2021-02-22 00:02","2021-02-22 04:01","2021-02-22 08:01","2021-02-22 12:01","2021-02-22 16:01","2021-02-22 20:01","2021-02-23 00:02","2021-02-23 04:01","2021-02-23 08:01"
"210","13630","13630","13630","13590","13580","12170","12120","12030","12090","12090","12060","12060","12060","12090","12060","12060","12060","12060","12060","12060","12060","12060","12060","12060","12050","12050","12050","12050","12050","12050","12050","12050","12050","12050","12050","12050","12050","12050","12050","12050","13890","13890","13890","13890","13890","13890","13890","13890","13890","13890","13890","13890","13890","13890","13890","13890","13890","13890","13890","13890","13890","13890","13890","13890","13890","13890","13890","13890","13890","13890","13890","13890","13890","13890","13890","13890","13890","13890","13890","13890","13890","13890","13890","13890","13890","13890","13890","13890","13890","14051","14051","14051","14051","14390","14390","14390","14390","14390","14390","14390","14390","14390","14390","14390","14390","14390","14390","14390","14390","14390","14390","14390","14430","","","","14990","14990","14990","14990","14990","14990","14990","14990","14990","14990","14990","14990","14990","14990","14990","14990","14990","14990","14990","14990","14990","14990","14990","14990","14990","14990","14990","14990","14990","14990","14990","14990","14990","14990","14990","14990","14990","14990","14990","14990","14990","14990","14990","14990","14990","14990","14990","12190","12190","12190","12190","12190","12190","12190","12190","12190","12190","12190","12190","12190","12190","12190","12190","12190","12190","12190","12190","12190","12190","12190","12190","12190","12190","12190","12190","12190","12190","12190","12190","12190","12190","12190","12190","12190"
"gt-1030","25380","25380","25230","25100","25320","24390","24990","24990","25970","26100","26020","26020","26020","26020","26020","26020","26690","26690","26690","26690","26690","26690","27190","27190","27190","27190","27190","27190","27190","27190","26890","26890","26890","26890","26890","26890","26890","26890","26890","26890","26890","26890","26890","27290","27290","27290","27290","26280","27034","27034","27034","26970","26970","26970","26970","26970","26970","27290","27290","27290","27290","27290","27290","27290","27290","27290","27290","27290","27290","27290","27290","27290","27290","27290","27290","27290","27290","26900","26900","26900","26900","26900","26900","27290","27290","27290","27290","27290","27290","27290","27290","27290","27290","27290","27930","27930","27930","27930","27930","27930","27920","27920","27920","27920","27920","27920","27930","28210","28210","28210","28210","28210","28210","28210","28210","28210","28210","28210","28210","27390","27390","27390","27105","27105","27105","27105","27105","28210","28210","28210","28210","28210","28210","28210","28210","28210","28210","28210","28210","28210","28210","28210","28210","28210","28210","28210","28210","28210","28210","28210","28210","28210","28990","28210","28210","28210","28210","28210","28210","27800","27800","27800","27800","28210","28210","27570","27530","27530","27530","27520","27520","28220","28220","28220","28220","29850","29850","29850","29850","29850","29850","29850","29850","29850","29899","29899","29899","29899","29899","29899","29899","29899","29899","29899","29899","29899","29899","29899","29899","29899"
"gt-710","12020","12020","11490","11610","11930","12000","11840","12000","11900","12307","12000","12000","12000","12000","12000","12000","12000","12000","12000","12000","12000","12000","12000","12000","12000","12000","12000","12000","12000","12000","12000","12000","12000","12000","11990","11990","11990","11990","11990","11990","11990","11990","11870","11990","11990","12550","12550","12436","12436","12436","12436","12300","12380","12370","12370","12370","12370","12370","12310","12300","12300","12300","12300","12300","12300","12300","12300","12300","12300","12300","12300","12300","12300","12050","12050","12050","12050","12250","12250","12250","12250","12250","12250","12250","12250","12250","12250","12250","12250","12250","12300","12300","12300","12300","12340","12340","12340","12240","12240","12240","12240","12240","12240","12240","12240","12240","12240","12240","12240","12240","12240","12240","12240","12550","12550","12550","12550","12550","12550","12550","12550","12550","12550","12560","12560","12560","12560","12560","12560","12560","12560","12560","12560","12560","12560","12560","12560","12560","12560","12560","12620","12620","12620","12620","12620","12620","12560","12550","12550","12550","12550","12550","12550","12550","12550","12550","12550","12550","12550","12550","12550","12550","12550","12550","12550","12550","12550","12550","12550","12550","12550","12550","12550","12550","12550","12680","12680","12680","12680","12680","12680","12740","12740","12740","12740","12740","12740","12740","12740","12740","12740","12740","12740","12740","12740","12740","11177","11177","11177","11177"
"gt-730","18990","20080","19640","19400","19850","19780","19780","20080","19880","20080","20080","20080","20080","20080","20080","20080","20080","20080","20080","20080","20080","20080","20080","20080","20080","20080","20080","20080","20080","20080","19180","19180","19180","19180","19180","19180","19180","19180","19180","19180","19180","19180","18990","19180","19180","19180","19180","19180","19180","19180","19180","19180","19180","19180","19180","19180","19180","19000","19000","19000","19000","19000","19000","19000","19000","19000","19000","19000","19000","19000","19000","18810","18810","18810","18810","18810","18810","18810","18810","18810","18810","18720","18720","18720","18720","18720","18720","18650","18650","18650","18650","18650","18650","18650","18450","18450","18450","18450","18450","18450","18260","18260","18260","18260","18260","18260","18070","18070","18070","18070","18070","18070","17880","17880","17880","17880","17880","17690","17690","17690","17690","17690","17500","17500","17500","19250","19250","19250","17320","17320","17320","17320","17320","17320","17140","17140","17140","17140","17140","17140","16960","16960","16960","16960","16960","16960","20870","20870","20870","20870","20870","20870","20870","20870","20870","20870","20870","20870","20780","20770","20770","20770","20770","20770","20770","20890","20890","20890","20890","20890","20890","21020","21020","21020","21020","21020","20780","20770","20770","20770","20770","20770","20770","20810","20810","20810","20810","20810","20810","20810","20810","20810","20810","20810","20810","20810","20810","20810","20810","20810"
"gtx-1050","54990","54990","51480","41815","54990","54990","54730","54990","54780","54990",,,,,,,,,,,,,,,,,,,,,,,,,,,,,,,,,,,,,,,,,,,,,,,,,,,,,,,,,,,,,,,,,,,,,,,,,,,,,,,,,,,,,,,,,,,,,,,,,,,,,,,,,,,,,,,,,,,,,,,,,,,,,,,,,,,,,,,,,,,,,,,,,,,,,,,,,,,,,,,,,,,,,,,,,,,,,,,,,,,,,,,,,,,,,,
"gtx-1050-ti","49199","49199","55190","56990","58990","51275","58990","61631","58558","58558","58558","54610","54610","58558","56020","52790","52790","52790","56020","56020","56020","56020","72530","72530","59499","59499","59499","59499","59499","69500","72530","72530","76090","76090","74210","74210","74210","74210","74210","74210","74210","72474","50950","50950","72460","72460","72460","57470","57470","57470","57470","57531","57531","57531","57531","57531","57531","57065","57065","57065","55275","55275","55275","55275","55275","55275","55275","55275","55275","69990","69990","69990","69990","69990","69990","69990","69990","69990","69990","69990","69990","55900","55900","56771","56771","56771","56771","60590","69290","69290","69290","62989","62989","68999","68999","60880","60880","60935","60935","62560","62560","68980","64942","64942","64942","64942","64942","68999","68999","68999","68999","68999","69290","62430","62430","62430","62390","62390","69290","69290","69290","69290","68990","68990","68990","69290","69290","69290","69290","67990","67990","69290","69290","69290","68890","68890","64990","64990","64990","64990","69290","69290","69290","69290","69290","68990","68990","68990","68990","68990","68990","69280","69280","69290","69290","69290","69290","69290","69290","69290","69290","69290","69290","69290","67900","67900","67900","67900","67900","67900","67900","67900","67900","67900","67900","54900","67900","67900","45900","67900","67900","67900","67900","67900","67900","67900","67900","67900","67900","67900","67900","67900","67900","67900","67900","67900","67900","67900","67900","67900"
"gtx-1060","179924","179924","90330","179924","179924","174701","174701","174701","174701","174701","174701","174701","174701","174701","174701","174701","174701","174701","174701","174701","174701","174701","174701","174701","174701","174701","174701","174701","174701","174701","174701","174701","174701","174701","174701","174701","174701","174701","174701","174701","174701","174701","174701","174701","174701","174701","174701","174701","174701","174701","174701","174701","174701","174701","174701","174701","174701","174701","174701","174701","174701","174701","174701","174701","174701","174701","174701","174701","174701","174701","174701","174701","174701","174701","174701","174701","174701","174701","174701","174701","174701","174701","174701","174701","174701","174701","174701","174701","174701","174701","174701","174701","174701","174701","174701","174701","174701","174701","174701","174701","174701","174701","174701","174701","174701","174701","174701","174701","174701","174701","174701","174701","174701","174701","174701","174701","174701","174701","174701","174701","174701","174701","174701","174701","174701","174701","174701","174701","174701","174701","174701","174701","174701","174701","174701","174701","174701","174701","174701","174701","174701","174701","174701","174701","174701","174701","174701","174701","174701","174701","174701","174701","174701","174701","174701","174701","174701","174701","174701","174701","174701","174701","174701","174701","174701","174701","174701","174701","174701","174701","174701","174701","174701","174701","174701","174701","174701","174701","174701","174701","174701","174701","169762","169762","169762","169762","169762","169762","169762","169762","169762","169762","169762","169762","169762","169762","169762","169762","169762","169762"
"gtx-1070","179990","179990","179990","179990","179990","",,,,,,,,,,,,,,,,,,,,,,,,,,,,,,,,,,,,,,,,,,,,,,,,,,,,,,,,,,,,,,,,,,,,,,,,,,,,,,,,,,,,,,,,,,,,,,,,,,,,,,,,,,,,,,,,,,,,,,,,,,,,,,,,,,,,,,,,,,,,,,,,,,,,,,,,,,,,,,,,,,,,,,,,,,,,,,,,,,,,,,,,,,,,,,,,,,
"gtx-1650","52990","59900","59900","57900","57900","66990","67380","71600","70270","73170","63995","63995","63995","63995","63995","73170","73170","73170","73170","73170","73170","73170","73170","73170","73170","73170","73170","73170","73170","73170","73170","73170","73170","73170","73170","73170","73170","81990","81990","81990","65995","65995","65995","65995","65995","78900","78900","78900","78900","78900","78900","78900","78900","78900","78900","78900","78900","78900","78900","79990","79990","79990","79990","79990","79990","79990","79990","79990","79990","79990","79990","79990","79990","79990","79990","79150","79150","79990","79990","79990","79990","62037","62037","62344","62344","62344","62344","76200","76200","76200","76200","76200","76200","76200","76200","76200","76200","76200","76200","76200","76200","76200","76200","76200","76200","76200","76200","76200","76200","76200","76200","76200","76200","76200","79990","79990","79990","79990","79990","79990","79990","79990","82261","82261","82261","82261","82261","82261","82261","82261","82261","82261","82261","82261","82261","82261","82261","82261","82261","82261","82261","82261","82261","82261","82261","82261","82261","82261","82261","82261","82261","82261","82261","82261","82261","82261","82261","83499","83499","83490","83490","83490","83490","83490","83490","83490","83490","83490","83490","60430","60430","60430","60430","60430","60430","78600","78600","78600","78600","78600","78600","78600","78600","78600","78600","78600","78600","78600","78600","78600","78600","78600","78600","78600","78600","78600","78600","78600","78600","78600"
"gtx-1650-super","65900","65900","65900","65900","65900","134946","133789","133789","109900","109900","109900","109900","109900","109900","109900","109900","109900","109900","109900","109900","109900","109900","109900","109900","109900","109900","109900","109900","109900","109900","109900","109900","109900","109900","109900","109900","109900","109900","109900","109900","110660","110660","92990","109990","109990","109990","114900","114900","114900","114900","114900","114900","114900","115900","115900","115900","115900","115900","115900","115900","115900","115900","115900","115900","115900","115900","115900","115900","115900","115900","115900","98389","115900","115900","115900","115900","115900","115900","115900","115900","115900","119380","119380","119380","119380","119380","119380","119380","119380","102989","99900","99900","99900","99900","99900","99900","99900","99900","99900","99900","99900","99900","99900","99900","99900","99900","99900","99900","99900","99900","99900","99900","99900","99900","99900","99900","99900","99900","99900","104990","104990","104990","104990","104990","104990","109990","109990","109990","109990","109990","99900","109990","109990","119990","119990","125960","125960","125960","125960","135490","135490","135490","135490","135490","135490","129990","129990","129960","129960","129960","129960","129960","129960","129990","129990","129990","129990","115380","115380","115380","115380","115380","115380","115380","115380","115380","115380","115380","115380","115380","115380","115380","115380","115380","115380","115380","115380","115380","115380","115380","115380","115380","115380","115380","115380","115380","115380","115380","115380","115380","115380","115380","115380","115380","","","","","",
"gtx-1660","89990","89990","89990","76900","76900","","139900","124990","119900","85366","123900","123900","123900","123900","123900","123900","123900","123900","123900","123900","123900","123900","123900","123900","104200","104200","104200","104200","104200","123900","123900","123900","123900","123900","123900","123900","123900","123900","123900","123900","123900","123900","123900","123900","123900","123900","123900","123900","123900","123900","123900","123900","123900","123900","123900","123900","123900","123900","123900","123900","123900","123900","123900","123900","123900","123900","123900","123900","123900","123900","123900","123900","123900","123900","123900","123900","123900","123900","123900","123900","123900","123900","123900","123900","123900","123900","123900","123900","123900","123900","123900","123900","123900","123900","123900","123900","123900","123900","123900","123900","123900","123900","123900","123900","123900","123900","123900","123900","123900","123900","123900","123900","123900","123900","123900","123900","123900","123900","123900","123900","123900","123900","123900","123900","123900","123900","123900","139990","139990","139990","139990","139990","139990","139990","139990","139990","139990","139990","139990","133900","133900","133900","133900","133900","133900","133900","133900","133900","133900","133900","133900","133900","139990","164990","164990","164990","164990","164990","164990","164990","163479","163479","163479","149900","149900","149900","149900","149900","149900","149900","149900","149900","149900","149900","149900","149900","149900","149900","149900","149900","149900","149900","149900","149900","149900","149900","149900","149900","149900","149900","149900","149900","149900","149900","149900","149900","149900","149900","149900","149900"
"gtx-1660-super","91900","91900","91900","110900","110900","99140","149990","134990","139990","132990","144900","144900","144900","144900","144900","99810","99810","99810","99810","99810","99810","99810","144335","144335","144335","144335","144335","144335","144335","144335","144335","144335","144335","144335","144335","144335","144335","147900","144335","144335","144335","111000","130990","144335","144335","144335","144335","144335","127000","127000","127000","127000","127000","127000","127000","127000","127000","108738","108738","108738","108738","108738","108738","127000","127000","127000","127000","127000","127000","127000","147900","147900","147900","141320","141320","132000","132000","132000","132000","132000","132000","97284","97284","94357","94357","94357","94357","147900","147900","143990","143990","147900","147900","144990","144990","145000","145000","145000","145000","145000","145000","145000","145000","145000","145000","145000","145000","145000","145000","145000","145000","145000","145000","141690","141690","141690","145000","154990","159990","159990","159990","145000","145000","145000","145000","145000","145000","145000","145000","145000","145000","145000","145000","145000","144900","145000","145000","145000","145000","155000","155000","155000","155000","155000","155000","155000","155000","142900","142900","142900","142900","121900","164990","159995","159995","159995","159995","169900","169900","155000","155000","155000","155000","155000","167888","167888","167888","167888","167888","175900","176990","176990","176990","176990","176990","176990","176990","179990","179990","179990","179990","179990","179990","179990","185790","185790","185790","200800","200800","193000","184990","189140","189140","185990","185990","189140","189140","189140","189140","200800"
"gtx-1660-ti","112070","112070","128990","118140","118140","119322","118140","118140","102246","102246",,,,,,,,,,,,,,,,,,,,,,,,,,,,,,,"","","","","","106020","106020","106020","106020","106020","106020","179990","","169900","169900","169900","169900","169900","169900","169900","169900","","","","","","","","",,,,,,,"179900","","","","","",,,,,,,"184900","184900","184900","184900","184900","184900","184900","184900","184900","184900","184900","184900","184900","184900","","","","",,,,,,,,,,,,,,,,,,,,,,,,,,,,,,,,,,,,,,,,,,,,,,,,,,,,,,,,,,,,,,,,,,,,,,,"188030","188030","186240","186240","186240","186240","186747","186747","186747","186747","186747","186747","191060","191060","191060","191060","191060","191060","191060","191060","","","","",
"m4000",,,,,,,,,,,,,,,,,,,,,,,,,,,,"304699","304699","304699","304699","304699","304699","304699","304699","304699","304699","304699","304699","304699","304699","304699","304699","304699","304699","304699","304699","304699","304699","304699","304699","304699","304699","304699","304699","304699","304699","304699","304699","304699","304699","304699","304699","304699","304699","304699","304699","","",,,,,,,,,,,,,,,,,,,,,,,,,,,,,,,,,,,,,,,,,,,"290799","290799","290799","290799","290799","290799","290799","290799","290799","290799","290799","290799","290799","290799","290799","290799","290799","290799","290799","290799","290799","290799","290799","290799","290799","290799","290799","290799","290799","290799","","","","",,,,,,,,,,,,,,,,,,,,,,,,,,,,,,,,,,,,,,,,,,,,,,,,,,,,,,,
"p1000","117296","116107","115460","114370","117900","115912","115912","121000","121000","122961","121000","121000","121000","121000","121000","121000","121000","121000","121000","121000","121000","121000","121000","121000","121000","121000","121000","121000","121000","121000","121000","121000","121000","121000","121000","121000","121000","121000","121000","121000","121000","121000","121000","121000","121000","121000","121000","121000","121000","121000","121000","121000","121000","121000","121000","121000","121000","121000","121000","121000","121000","121000","121000","121000","121000","121000","121000","121000","121000","121000","121000","121590","124890","124890","124890","124890","124890","124890","124890","124890","124890","141270","141150","141150","141150","141150","141150","141270","141150","141150","130673","130673","130673","130673","130673","130673","130673","130673","130673","130673","130673","130673","130673","130673","130673","139740","139740","139740","130673","130673","130673","130673","130673","130673","130673","130673","130673","130673","130673","130673","130673","130673","130673","130673","131716","131716","131716","131716","131716","128011","128011","128011","128011","121000","121000","121000","121000","124976","124976","123690","123690","123690","123690","123690","123690","123690","123690","123690","123690","123690","123690","123690","123690","121090","118860","121090","121090","118842","120460","120450","120450","120450","120450","121170","121170","121170","121170","121170","121170","121170","121170","121170","121170","121170","121170","121170","121170","121170","121170","121170","121170","121170","121170","121170","121170","121170","121170","121170","121170","121170","121170","121170","121170","121170","121170","121170","121170","121170","121170","121170"
"p2000","173580","173580","170980","170880","170150","170580","168010","170150","168450","173300","173160","173160","173160","173170","173160","173160","173160","173040","173030","173030","173030","173030","173030","172911","172900","172900","172900","172900","172900","172780","171050","171050","171050","171050","171050","170931","170920","170920","170920","170920","170920","170800","169090","170800","170800","170800","170680","170670","170670","170670","170670","170670","170550","170540","170540","170540","170540","170540","170420","170410","170410","170410","170410","170410","170290","170290","170290","170290","170290","170290","173300","173290","173290","171560","171560","171560","171440","169720","169720","169720","169720","169720","169720","169720","169720","169720","169720","169720","169720","169720","170150","170150","170150","170150","172140","172130","172130","168450","168450","168450","168450","168450","168450","168450","168450","168450","168450","168450","168450","168450","168450","168450","168450","168450","168450","168450","173420","168450","170150","170150","170150","170150","171569","171560","171560","171560","171560","171560","171440","171430","171430","171430","171430","171430","169720","169720","169720","169720","169720","169720","169720","169720","169720","169720","169720","169720","169720","169720","169720","169720","169720","169720","169720","170150","169720","168450","168450","168450","168450","168450","168450","168450","168450","168450","168450","168450","168450","168450","168450","168450","168450","168450","170150","170150","170150","170150","168450","171360","171360","171360","171360","171360","171240","171240","171240","171240","171240","171240","171120","171110","171110","171110","171110","171110","170990","154970","154970","154970","154970","156290"
"p2200","168420","168376","165890","165771","164440","168530","164440","165740","164080","168410","168270","168270","168270","168280","168270","168270","168270","168151","168140","168140","168140","168140","168140","168020","168010","168010","168010","168010","168010","167890","166210","166210","166210","166210","166210","166091","166080","166080","166080","166080","166080","166080","164430","166091","166091","165960","171560","171560","169551","169551","169551","169551","169429","169410","169410","169410","169410","169410","169290","169280","169280","169280","169280","169280","169160","169150","169150","169150","169150","169150","169029","169020","169020","167330","167330","167330","167209","165520","165520","165520","165520","165520","165400","165400","165400","165400","165400","165400","165280","165280","165280","165280","165280","166120","167880","167870","167870","163630","163630","163630","163630","163630","163630","163630","163630","163630","163630","163630","163630","163630","163630","163630","163630","164460","164460","164460","170530","164460","171670","171670","171670","171670","171670","171670","171670","171670","171670","171670","171670","171670","171670","183790","183790","183790","181950","181950","181950","181950","181950","181950","181950","181950","181950","181950","181950","181950","181950","181950","181950","181950","181950","181950","181950","190640","181950","188730","188730","167754","167754","158330","158330","158330","158330","158330","158330","158318","158318","158330","158330","157873","157873","157873","157873","157873","157873","158318","158900","157590","157590","157590","157590","157590","157582","157590","157590","157582","157582","157582","157900","157607","157607","156830","156830","156830","156820","156830","156830","156820","156820","156820"
"p400",,,,,,,,,,,,,,,,,,,,,,,,,,,,,,,,,,,,,,,,,,,,,,,,,,,,,,,,,,,,,,,,,,,,,,,,,,,,,,,,,,,,,,,,,,,,,,,,,,,,,,,,,,,,,,,,,,,,,,,,,,,,,,,,,,,,,,,,,,,,,,,,,,,,,,,,,,,,,,,,,,,,,,,,,,,,,,,,,,,,,,"41150","41150","41150","41150","41150","41150","41150","41150","41150","41150","41150","41150","41150","41150","41150","41150","41150","41150","41150"
"p4000","303070","303070","298520","298409","298409","274900","274900","274900","274900","274900","274900","274900","274900","274900","274900","274900","274900","274900","274900","274900","274900","274900","274900","274900","274900","274900","274900","274900","274900","274900","274900","274900","274900","274900","274900","274900","274900","274900","274900","274900","274900","274900","274900","274900","274900","274900","274900","274900","274900","274900","274900","274900","274900","274900","274900","274900","274900","274900","274900","274900","274900","274900","274900","274900","274900","274900","274900","274900","274900","274900","274900","298409","298409","295420","295420","295420","295420","307480","307480","307480","307480","307480","307480","307480","307480","307480","307480","307480","307480","307480","312096","312096","312096","380830","380830","380830","380830","380830","380830","389870","389870","389870","389870","389870","389870","389870","389870","389870","389870","389870","389870","389870","389870","297489","298600","298600","297489","300092","297090","297090","297090","297090","297090","297090","297090","297090","297090","297090","297090","297090","297090","310860","310860","310850","307750","307750","307750","307750","307750","307750","307630","307620","307620","307620","307620","307620","307500","307500","307500","307500","307500","307500","307630","307620","307620","304540","304540","304540","304540","304540","304540","304540","304540","304540","304540","302900","302900","302900","302900","302900","302900","302900","305960","305960","305960","305960","302900","307600","307600","307600","307600","307600","307600","307600","307600","307600","307600","307600","307600","307600","307600","307600","307600","307600","307600","307600","307600","307600","307600","307600"
"p620","70450","70450","70450","69880","72320","64654","64642","64699","64699","71730","64699","64699","64699","64699","64699","72416","72416","72416","72390","72390","72390","72390","72416","72415","72416","72416","72415","72415","72415","72416","71690","71690","71690","71690","71690","71679","71690","71690","71679","71679","71570","71570","70850","71570","71570","67986","67986","72670","72670","72670","72670","68290","68290","74570","74570","74570","74570","69370","69370","69370","69370","69370","69370","69370","69370","69370","69370","69370","69370","69370","69370","69370","69370","69370","69370","69370","69370","69370","69370","69370","69370","69370","69370","69370","69370","69370","69370","69370","69370","69370","69370","69370","69370","69370","69370","69370","69370","69370","69370","69370","69370","69370","69370","69370","69370","69370","69370","69370","69370","69370","69370","69370","69370","65690","65690","65690","65723","65684","65030","65030","65030","65030","64910","64910","64910","64910","64910","64910","64910","62405","62405","62405","62405","62405","62405","62405","62405","62405","62405","64260","64140","64140","64140","64140","64140","62405","62405","62405","62405","62405","62405","62405","62405","62405","62405","62405","62405","63500","63500","63500","63500","63500","63500","62405","62405","62405","62405","62405","62405","62405","62405","62405","62405","62405","62405","64950","65280","64630","64630","64630","64630","64630","64630","64630","64630","64630","64630","64630","64630","64630","64630","64630","64630","64630","64630","65710","65710","65710","65710","65710"
"r7-240","26420","26420","25780","25780","26160","27840","27420","27840","27560","27840","27830","27830","27830","27830","27830","27830","27840","27840","27840","27840","27840","27840","28110","28110","28110","28110","28110","28110","28110","28110","27830","27830","27830","27830","27830","27830","27830","27830","27830","27830","27830","27830","27800","28080","28080","28080","28080","28080","28080","28080","28080","28080","28080","28080","28080","28080","28080","28080","28080","28080","28080","28080","28080","28080","28080","28110","28110","28110","28110","28110","28110","28110","28110","27830","27830","27830","27830","27830","27830","27830","27830","27830","27830","27830","27830","27830","27830","27830","27830","27830","28110","28110","28110","28110","28110","28110","28110","27830","27830","27830","27830","27830","27830","27830","27830","27830","27830","27830","27830","27830","27830","27830","27830","27830","27830","27830","28310","27830","27710","27710","27710","27700","27700","27900","27900","27900","27900","27900","27780","27770","27770","27770","27770","27770","27630","27630","27630","27630","27630","27630","27600","27600","27600","27600","27600","27600","27600","27600","27600","27600","27600","27600","27600","27600","27600","27600","27600","27600","27640","27640","27640","27640","27640","27640","27640","27640","27640","27640","27640","27640","27800","27800","28270","28270","28270","28270","27800","27990","27990","27990","27990","27990","27990","27990","27990","27990","27990","27990","27990","27990","27990","27990","27990","27990","27990","27840","27840","27840","27840","27840"
"rtx-2060","135900","135900","135900","135900","135900","","",,"","112436","114080","114080","114080","114080","114080","245990","245990","245990","245990","239990","239990","239990","239990","239990","239990","239990","239990","239990","239990","239990","239990","239990","239990","239990","239990","239990","239990","239990","249990","249990","194990","194990","209900","209900","209900","209900","209900","209900","209900","209900","209900","199621","199621","199621","199621","199621","199621","209990","209990","209990","209990","209990","209990","209990","209990","209990","209990","209990","209990","209990","209990","209990","209990","209990","209990","129550","129550","129550","129550","129550","129550","199600","199600","199600","199600","199600","199600","199600","199600","199600","199600","199600","199600","199600","199600","199600","199600","199600","199600","199600","199600","199600","199600","199600","199600","199600","199600","199600","199600","199600","199600","199600","199600","199600","199600","199600","199600","199600","199600","199600","199600","199600","199600","199600","199600","199600","199600","199600","199600","199600","199600","199600","199600","199600","199600","199600","199600","199600","199600","199600","199600","199600","199600","199600","199600","199600","199600","199600","199600","199600","199600","199600","199990","199600","199600","199600","199600","199600","199600","199600","199600","199600","199600","199990","199990","219990","219990","219990","219990","219990","219990","219990","219990","219990","219990","219990","219990","219990","219990","219990","219990","219990","219990","219990","219990","219990","219990","219990","219990","219990","219990","219990","219990","219990","249990","249990","249990","249990","249990","249990"
"rtx-2060-super",,,,,,,,,,,,,,,,"194390","194390","194390","194390","194390","","","","","","","",,,,,,,,,,,,,,,,,,,,,,,,,,,,,,,,,,,,,,,,,,,,,,,,,,,,,,,,,,,,,,,,,,,,,,,,,,,,,,,,,,,,,,,,,,,,,,,,,,,,,,,,,,,,,,,,,,,,,,,,,,,,,,,,,,,,,,,,,,,,,,,,,,,,,,,,,,,,,,,,,,,,,,,,,,,,,
"rtx-2070-super",,,,,,,"",,,"189930",,,,,,,,,,,,,,,,,,,,,,,,,,,,,,,,,,,,,,,,,,,,,,,,,,,,,,,,,,,,,,,,,,,,,,,,,,,,,,,,,,,,,,,,,,,,,,,,,,,,,,,,,,,,,,,,,,,,,,,,,,,,,,,,,,,,,,,,,,,,,,,,,,,,,,,,,,,,,,,,,,,,,,,,,,,,,,,,,,,,,,,,,,,,,,
"rtx-2080",,,,,,,,,,,,,,,,,,,,,,,,,,,,,,,,,,,,,,,,,,,,,,,,,,,,,,,,,,,,,,,,,,,,,,,,,,,,,,,,,,,,,,,,"359900","359900","359900","359900","359900","359900","359900","359900","359900","359900","359900","359900","359900","359900","359900","359900","359900","359900","359900","359900","359900","359900","359900","359900","359900","359900","359900","359900","359900","359900","359900","339900","339900","339900","339900","339900","339900","339900","339900","339900","339900","339900","339900","339900","339900","339900",,,,,,,,,,,,,,,,,,,,,,,,,,,,,,,,,,,,,,,,,,,,,,,,,,,,,,,,,,,,,,,,,,,
"rtx-2080-super","242820","242820","242820","242820","242820",,"",,"356390","309451",,,,,,,,,,,,,,,,,,,,,,,,,,,,,,,"","","","","",,,,,,,,,,,,,,,,,,,,,,,,,,,,,,,,,,,,,,,,,,,"299990","299990","299990","299990","","","","","","","","",,,,,,,,,,,,,,,,,,,,,,,,,,,,,"325000","325000","325000","325000","325000","325000","325000","325000","325000","325000","325000","325000","325000","325000","325000","325000","325000","325000","325000","325000","325000","325000","325000","325000","345990","345990","345990","345990","","",,,,,,,,,,,,,,,,,,,,,,,,,,,,,,,,,,,,,,,,,,,
"rtx-2080-ti","499990","499990","499990","499990","499990","399990","399990","499990","499990","499990","499990","499990","499990","499990","499990","499990","499990","499990","499990","499990","499990","499990","499990","499990","499990","499990","499990","499990","499990","499990","499990","499990","499990","499990","499990","499990","499990","499990","499990","499990","499990","499990","499990","449990","449990","449990","449990","449990","449990","449990","449990","449990","449990","449990","449990","449990","449990","449990","449990","449990","449990","449990","449990","449990","449990","449990","449990","449990","449990","499990","499990","499990","","","","","","","","","","507900","507900","621290","621290","621290","621290","","","","","","",,,,,,,"592290","592290","592290","592290","592290","592290","592290","592290","592290","592290","592290","592290","592290","592290","","","","","","","","",,,,,,,,,,,,,,,,,,,,,,,,,,,,,,,,,,,,,,,,,,,,,,,,,,,,,,,,,,,,,,,,,,,,,,,,,,,,,,,
"rtx-3060-ti","256990","256990","256990","239990","269990","299990","355990","","359990","","374990","374990","374990","374990","","319990","339900","339900","339900","339900","339900","339900","339900","339900","358990","358990","355990","355990","355990","355990","349990","349990","349990","349990","349990","349990","349990","385990","385990","385990","352990","352990","352990","352990","354990","354990","354990","385990","385990","389990","389990","389990","389990","389990","389990","389990","389990","362990","362990","362990","362990","362990","362990","362990","362990","389990","389990","389990","389990","389990","389990","389990","389990","389990","389990","389990","389990","389990","389990","389990","389990","399990","399990","399990","399990","","","419990","","","","","",,,,,,,,,,,,,,,,,,,,,,,,,,,,,,,,,,,,,,,,,,,,,,,,,,,,,,,,,,,,,,,,,,,,,,,"505990","509990","509990","509990","509990","509990","509990","509990","509990","509990","509990","509990","509990","509990","509990","509990","509990","509990","509990","509990","","","","",,,,,,,,,,,,,
"rtx-3070","293990","293990","257590","278240","299000","304990","309990","344990","329900","339900","339990","339990","339990","339990","339990","339990","339990","339990","339990","339990","339990","339990","339990","339990","339990","339990","339990","339990","339990","339990","339990","339990","339990","339990","334990","339900","339900","339900","339900","339900","339990","339990","324999","339990","339990","394000","364990","364990","364990","364990","364990","364990","389990","349999","349999","349999","349999","349999","349999","349999","349999","349999","349999","349999","349999","349999","349999","349999","349999","349999","389000","389000","389000","376370","376370","376370","375233","375233","375233","375233","375233","376250","375110","375110","375110","375110","375110","369990","369990","369990","369990","369990","369990","369900","369900","369990","369990","369990","369990","369990","369990","369990","369990","369990","369990","389990","389990","349999","349999","349999","349999","349999","389990","389990","389990","389990","345000","389990","389990","389990","389990","379900","379900","389900","389900","389900","389900","389900","389900","399000","399000","399000","399000","399000","399000","399999","399999","519990","519990","499990","499990","499990","499990","499990","499990","499990","499990","499990","499990","499990","499990","524990","","499990","499990","499990","499990","469500","499990","499990","499990","499990","499990","399990","399990","399990","399990","399990","399990","549990","549990","549990","549990","549990","549990","494900","494900","419990","419990","419990","419990","494900","494900","494900","494900","494900","494900","559990","619990","619990","619990","619990","619990","619990","619990","","","","","669990"
"rtx-3080","447990","447990","470056","409990","489990","","529990","529990","","559990","539990","539990","539990","539990","539990","539990","539990","539990","539990","539990","539990","539990","539990","539990","539990","539990","539990","539990","539990","539990","539990","539990","539990","539990","539990","539990","539990","539990","539990","539990",,,,,,"684101","684101","684101","684101","684101","684101","682380","682380","684101","684101","684101","684101","684101","684101","684101","684101","684101","684101",,,,,,,,,,,,,,,,,,,,,,,,,,,,,,,,,,,,,,,,,,,"879000","879000","879000","879000","879000","879000","879000","879000","879000","879000","879000","879000","879000","879000","879000","879000","874900","874900","799990","799990","799990","799990","799990","799990","874900","874900","874900","874900","879000","879000","879000","879000","879000","879000","879000","879000","879000","","","","799990","799990","799990","799990","799990","799990","","","","","","","899000","899990","","","","",,,,,,,,,,,,,,,,,,,,,,,,,,,,,,,,,,,,,"987990"
"rtx-3090","641390","641390","641390","649786","735330","735330","643306","771990","769990","769990","769990","769990","769990","769990","769990","769990","769990","769990","769990","717260","717260","717260","717260","717260","717260","717260","717260","717260","717260","755790","755790","755790","755790","755790","755790","755790","755790","755790","755790","755790","789990","788588","788588","788588","788588","788588","788588","788588","788588","788588","788588","789990","789990","789990","789990","789990","789990","799990","799990","799990","799990","799990","799990","849989","849989","832099","832099","832099","832099","832099","849989","832099","832099","832099","832099","832099","832099","832099","832099","849989","849989","832099","832099","849989","849989","849989","849989","849989","849989","849989","849989","849989","849989","789990","789990","789990","789990","789990","789990","789990","789990","789990","789990","789990","789990","789990","789990","789990","789990","789990","789990","789990","789990","789990","789990","789990","924900","924900","924900","924900","924900","924900","944900","944900","944900","973390","973390","927299","927299","927299","927299","927299","927299","889900","889900","1000000","1000000","1000000","1000000","1000000","1000000","959000","959000","959000","959000","959000","959000","959000","959000","959000","959000","959000","959000","949999","959000","959000","959000","1024210","1024210","1024210","1024210","1024210","1024210","999990","1172147","1172147","1172147","1172147","1172147",,,,,,,"1135500","1135500","","","","","959000","959000","959000","959000","959000","959000","1114900","1114900","1114900","1114900","1114900","1114900","1094003","1094003","959000","1094003","1094003","1094003","990650"
"rtx-4000","339049","336027","339049","336027","336027","336027","337000","338000","345280","354211","354070","354070","354070","354080","354070","354070","354070","353950","353940","353940","353940","353940","353940","353819","353800","353800","353800","353800","353800","353680","350140","350140","350140","350140","350140","350020","350010","350010","350010","350010","350010","349890","346380","349880","349880","348894","348894","348894","348894","348894","348894","344058","344058","344058","344058","344058","344058","344058","344058","344058","344058","344058","344058","344058","344058","344058","344058","344058","344058","344058","344058","344058","344058","344058","344058","344058","344058","344058","344058","344058","344058","344058","344058","344058","344058","344058","344058","344058","345260","344058","344058","344058","344058","344058","344058","344058","344058","344058","344058","344058","344058","344058","344058","344058","344058","344058","344058","344058","344058","344058","344058","344058","344058","345260","345260","345260","348894","344058","344058","344058","344058","344058","344058","344058","344058","344058","344058","344058","344058","344058","344058","344058","344058","344058","344058","344058","344058","344058","344058","344058","344058","344058","344058","344058","344058","344058","344058","344058","344058","344058","344058","344058","344058","344058","344058","299600","299600","299600","298040","298030","298030","298030","298030","298030","298030","325670","325670","325670","325670","325670","325670","325670","344058","344058","344058","344058","325670","344058","344058","344058","344058","344058","344058","344058","344058","344058","344058","356110","356110","356110","356110","356110","356110","356110","356110","345230","356110","356110","356110","345286"
"rtx-5000","786520","786520","774720","774720","786520","786520","774720","786520","778650","786520","786520","786520","786520","786520","786536","786536","786536","786536","786536","786536","786536","786536","974496","976594","976594","976594","976594","976594","976594","977380","967610","924256","924256","924256","904290","904290","904290","904290","904290","904290","906770","906770","897700","906770","906770","950001","950001","950001","950001","950001","950001","950001","950001","950001","950001","950001","950001","950001","950001","950001","950001","950001","950001","950001","950001","950001","950001","950001","950001","950001","950001","950001","950001","940500","940500","940500","913285","904150","904150","904150","904150","904150","904150","904150","904150","904150","904150","898978","898978","898978","898978","898978","898978","898978","898978","898978","898978","889990","889990","889990","889990","889990","889990","889990","889990","889990","856656","856656","856656","856656","856656","856656","856656","848090","848090","848090","856656","848090","848090","848090","848090","848090","848090","848090","848090","848090","848090","848090","727220","727210","727210","727210","727210","727210","719940","719940","719940","719940","719940","719940","719819","719800","719800","719800","719800","719800","719680","719670","719670","719670","719670","719670","719550","719540","719540","712340","712340","712340","712340","712340","712340","712340","712340","712340","712340","708600","708600","708600","708600","708600","708600","708600","715761","715761","715761","715761","708600","718800","718800","718800","718800","718800","718680","718680","718680","718680","718680","718680","718680","718680","718680","718680","718680","718680","718680","718680","718680","718680","718680","718800"
"rtx-6000","1800749","1800749","1779913","1733180","1778398","1772368","1746990","1772024","1754300","2490720","2045634","2045634","2045634","2048175","2045634","2045634","2535180","2535180","2535180","2535180","2535180","2535180","2535180","2535180","2535180","2535180","2535180","2045634","2535180","2535180","2509830","2509830","2509830","2509830","2048569","2509830","2509830","2509830","2509830","2509830","2048093","2509830","2520310","2545770","2545770","2056559","2556290","2556290","2556290","2556290","2556290","2059984","2560550","2560550","2560550","2560550","2560550","2547270","2547270","2547270","2547270","2547270","2547270",,,,,,,,,,,,,"1487930","1487930","1485780","1485780","1485780","1485780","1485780","1485780","1485780","1485780","1485780","1485780","1485780","1485780","1485780","1508063","1508063","1508063","2559900","2559900","2559900","2559900","1484820","1484820","1484820","1484820","1484820","1484820","1484820","1484820","1484820","1484820","1484820","1484820","1484820","1484820","1484820","1484820","2007690","2007690","2007690","","2007690","2015620","2015620","2015620","2015620","2015620","2015620","2015620","2015620","2015620","2015620","2015620","2015620","2015620","","","","2001520","2001520","2001520","2001520","2001520","2001520","2001520","2001520","2001520","2001520","2001520","2001520","2001520","2001520","2001520","2001520","2001520","2001520","2001520","","2001520","2011400","2011400","2011400","2011400","2011400","2011400","2011400","2011400","2011400","2011400","2546770","2546770","2546770","2546770","2546770","2546770","2546770","2582570","2582570","2582570","2031427","2031427","2011110","2011110","2011110","2011110","2011110","2011110","2011110","2011110","2011110","2011110","2011110","2011110","2011110","2011110","2011110","2011110","2011110","2011110","2011110","2011110","2011110","2011110","2011110"
"rtx-8000",,,,"2064090",,,"2078080","","2080020",,,,,,,,,,,,,,,,,,,,,,,,,,"2052270","2052270","2052270","2052270","2052270","2052270","2052270","2052270","2068930","","",,,,,,,,,,,,,,,,,,,,,,,,,,,,,,,"2046180","2046180","2043230","2043230","2043230","2043230","2043230","2043230","2043230","2043230","2043230","2043230","2043230","2043230","2043230","2167150","2167150","2167150","2160710","2160710","2160710","2160710","2160710","2160710","2041920","2041920","2041920","2041920","2041920","2041920","2041920","2041920","2041920","2041920","2041920","2041920","2041920","2041920","2056530","2056530","2056530","2173600","2056530","2064660","2064660","2064660","2064660","2064660","2064660","2064660","2064660","2064660","2064660","2064660","2064660","2064660","2167150","2167150","2154390","2154390","2154390","2154390","2154390","2154390","2050220","2050220","2050220","2050220","2050220","2050220","2050220","2050220","2050220","2050220","2050220","2050220","2050220","2050220","2160710","2050220","2160710","2160710","2167150","2167150","2167150","2167150","2167150","2167150","2160710","2160710","2160710","2160710","2160710","2160710","2160710","2160710","2160710","2160710","2160710","2160710","2180040","2180040","2180040","2180040","2180040","2180040","2173600","2173600","2173600","2173600","2173600","2173600","2173600","2173600","2173600","2173600","2173600","2173600","2173600","2173600","2173600","2173600","2173600","2173600","2167150"
"rx-550","26190","27150","22290","28470","28900","29630","29620","29520","27189","26895","28090","28090","28090","28090","28090","29150","29150","29150","29150","29150","29150","29150","29990","29990","29990","29990","29990","29990","29990","29990","29990","29990","29990","29990","29990","29990","29990","30349","30349","30349","30349","30349","30349","29990","29990","30349","30349","30349","30349","30349","30349","30349","30349","30349","30349","30349","30349","30349","30349","30349","30349","30349","30349","30349","30349","30349","30349","30349","30349","30349","30349","30349","30349","30349","30349","30349","30349","30349","30349","30349","30349","22290","22290","30349","30349","30349","30349","30349","30349","30349","30349","30349","30349","30349","30349","30349","30349","30349","30349","30349","30349","30349","30349","30349","30349","29810","29810","29810","29810","29810","29810","29810","29810","29810","29810","29810","30349","30349","30349","30349","30349","30349","30349","30349","30349","30349","30349","30349","30349","30349","30349","30349","30349","30349","30349","30349","30349","30349","30349","30349","30349","30349","30349","30349","30349","30349","30349","30349","30349","30349","30349","30349","30349","30349","30349","30349","30349","30349","30349","30349","30349","30349","30349","30349","30349","30349","30349","30349","30349","30050","30050","30050","30349","30349","30349","30349","30050","30349","30349","30349","30349","30349","30349","30349","30349","30349","30349","30349","30349","30349","30349","30349","30349","30349","30349","30349","30349","30349","30349","30349"
"rx-5500-xt","76590","76590","76590","76590","76590","","109440","85500","105875","118900","94300","74460","94300","94300","94300","74460","105550","105550","105550","105550","105550","105550","107911","107911","107911","107911","107911","118990","118990","118990","74460","74460","110750","110750","109490","109490","109490","109490","109490","109490","115900","115900","115900","115900","115900","115900","115900","115900","115900","115900","115900","115900","115900","115900","115900","115900","115900","119990","119990","109990","109990","109990","109990","119990","119990","119990","119990","119990","119990","119990","119990","119990","119990","119990","119990","119990","119990","119990","119990","122990","122990","122990","120990","120980","120980","120980","120980","120980","126370","126370","126370","126370","126370","126370","126370","126370","126370","126370","126370","126370","126370","126370","126370","126370","126370","126370","126370","126370","126370","126370","126370","126370","126370","126370","126370","126370","126370","126370","126370","126370","126370","126370","126370","126370","126370","126370","126370","126370","126370","126370","126370","126370","126370","126370","126370","126381","126370","126370","126370","126370","126370","126370","126370","126370","126370","126370","126320","126320","126320","126320","126320","126320","126320","126320","126320","126320","126320","126320","126320","126320","126320","126320","126320","126320","126320","126320","126320","126320","126320","126320","126320","126320","126320","126320","126320","126320","126320","126320","126320","126320","126320","126320","126320","126320","126320","126320","126320","126320","126320","126320","126320","126320","126320","126320","126320","126320","126320","126320","126320","126900"
"rx-5600","157350","157350","157790","191880","177000","177000",,"227660","","207506",,,,,,,,,,,,,,,,,,,,,,,,,,,,,,,,,,,,,,,,,,,,,,,,,,,,,,,,,,,,,,,,,,,,,,,,"159366","159366","176957","176957","176957","176957",,,,,,,,,,,,,,,,,,,,,,,,,,,,,,,,,,,,,,,,,,,,,,,,,,,,,,,,,,,,,,,,,,,,,,,,,,,,,,,,,,,,,,,,,,,,,,,,,,,,,,,,,,,,,,,,,
"rx-5600-xt","131690","131690","131690","131690","131690","","172500",,,,"146500","146500","146500","146500","146500",,,,,,,,,,,,,,,,,,,,,,,,,,,,,,,,,,,,,,,,,,,,,,,,,,,,,,,,,,,,,,,,,,,"161127","161127","161925","161925","161925","161925",,,,,,,,,,,,,,,,,,,,,,,,,,,,,,,,,,,,,,,,,,,,,,,,,,,,,,,,,,,,,,,,,,,,,,,,,,,,,,,,,,,,,,,,,,,,,,,,,,,,,,,,,,,,,,,,,
"rx-570","65400","65400","64880","63900","63900","","126760","126760","125490",,"99900","99900","99900","99900","99900","128990","128990","128990","128990","128990","128990","128990","128990","128990","128990","128990","128990","128990","128990","128990","128990","128990","128990","128990","108517","128990","128990","128990","128990","128990","125600","125600","125600","125600","125600","125600","125600","","","125360","125360","125360","125360","125360","125360","125360","125360",,,,,,,"126240","126240","126240","126240","126240","126240","126240","126240","125710","125710","125710","125710","970","125710","125710","125710","125710","125710","69330","69330","69673","69673","69673","69673","132000","132000","132000","133981","133981","133981","129000","","","","","","132000","133000","133000","133000","133000","133000","133000","133000","129000","129000","129000","129000","129000","129000","129000","129000","129000","129000","134990","134990","134990","134990","140000","140000","140000","140000","140000","140000","129000","129000","129000","129000","129000","129000","129000","129000","129000","129000","129000","129000","129000","129000","129000","129000","129000","129000","129000","129000","129000","129000","129000","129000","170090","170090","","170090","170930","170930","170930","170930","170930","170930","170930","170930","170930","170930","201120","201120","201120","201120","192560","192560","192560","","","",,,,,,,"213610","213610","213610","213610","213610","213610","213610","213610","213610","213610","213610","213610","213610","213610","213610","213610","213610","213610","213610"
"rx-5700","145900","145900","145900","145900","145900","",,,,,"245450","245450","245450","245450","245450",,,,,,,,,,,,,,,,,,,,,,,,,,"354116","","","","",,,,,,,"354330","354330","354330","354330","354330","354330","354330","354330","354330","354330","354330","354330","354330","354330","354330","354330","354330","354330","354330","354330","354330","354330","354330","354330","354330","354330","354330","354330","354330","354330","166534","166534","167358","167358","167358","167358","296710","296710","296710","","","",,,,,,,,,,,,,,,,,,,,,,,,"","362630","364060","364060","364060","364060","364060","364060","364060","364060","364060","364060","364060","364060","364060","","",,,,,,,,,,,,,,,,,,,,,,,,,,,,,,,,,,,,,"319990","","","","","",,,,,,,,,,,,,,,,,,,,,,,,,
"rx-5700-xt","199900","199900","199000","162900","266680",,,"327699",,,,,,,,,,,,,,,,,,,,,,,,,,,,,,,,,,,,,,,,,,,,,,,,,,,,,,,,,,,,,,,,,,,,,,,,,,"225900","225900","182635","182635","182635","182635",,,,,,,,,,,,,,,,,,,,,,,,,,,,,,"","362630","364060","364060","364060","364060","364060","364060","364060","364060","364060","364060","364060","385510","385510","","",,,,,,,,,,,,,,,,,,,,,,,,,,,,,,,,,,,,,"349990","406550","475010","","","",,,,,,,"482820","482820","482820","482820","482820","482820","482820","482820","482820","482820","482820","482820","482820","482820","482820","482820","482820","482820","482820"
"rx-580","77990","77990","81990","110840","110990","","128790","153471","120520","","159995","159995","159995","159995","159995","159995","159995","159995","159995","159995","159995","159995","159995","159995","159995","159995","159995","159995","159995","159995","159995","159995","159995","159995","161750","161750","101620","102010","102010","102010","161750","161750","163070","111290","113290","176530","176530","176530","128000","128000","128000","128000","128000","94640","117840","128000","128000","128000","128000","128000","128000","","","","","","","","",,,,,,,"176530","176530","174760","174760","174760","174760","74179","74179","72927","72927","72927","72927","105940","105940","106160","106160","106160","106160","106160","106160","106160","106160","106160","106160","106160","106160","106300","106300","106300","106300","106300","106300","106300","106300","106300","106300","106300","106300","106160","106160","106160","106160","106160","106160","106160","106160","135990","135990","135990","135990","135990","135990","135990","135990","135990","135990","135990","135990","135990","135990","135990","135990","135990","135990","135990","135990","135990","135990","135990","135990","135990","135990","135990","135990","135990","135990","135990","135990","135990","135990","204300","204300","204300","204300","204300","204290","204290","204290","135990","135990","135990","135990","135990","135990","135990","135990","135990","135990","135990","135990","135990","135990","135990","135990","135990","135990","135990","135990","135990","135990","135990","135990","135990","135990","135990","135990","135990","135990","135990","135990","135990","135990","135990","135990","135990"
"rx-6800","416090","416090","415460","389900","389900","435900","389900","389900","392580","409990","389900","389900","389900","389900","389900","389900","389900","389900","389900","389900","389900","389900","389900","389900","389900","389900","389900","389900","389900","409990","402990","402990","402990","402990","402990","402990","402990","402990","402990","402990","402990","402990","389990","389990","389990","389990","389990","389990","389990","389990","389990","399990","399990","399990","399990","399990","399990","399990","389990","389990","389990","389990","389990","389990","389990","389990","389990","389990","389990","389990","399990","399990","399990","","","","","","414990","414990","414990","389900","389900","389900","389900","389900","389900","389900","389900","389900","389900","389900","389900",,,,,,,,,,,,,,,,,,,,,,,,"390000","","","","","459990","459990","459990","459990","459990","459990","390000","390000","390000","390000","390000","390000","390000","390000","390000","390000","390000","390000","390000","390000","390000","390000","390000","390000","390000","390000","390000","390000","390000","390000","439990","439990","439990","439990","539990","539990","539990","539990","539990","539990","539990","539990","539990","539990","539990","539990","539990","539990","539990","539990","539990","539990","539990","539990","539990","539990","539990","539990","539990","539990","539990","539990","539990","539990","539990","539990","539990","539990","539990","539990","","","","","","","","",
"rx-6800-xt",,,,,,,,,,,,,,,,,,,,,,,,,,,,,,,,,,,,,,,,,"","","","","",,,,,,,,,,,,,,,,,,,,,,,,,,,,,,,,,,,,,,,,,,,,,,,,,,,,,,,,,,,,,,,,,,,,,,,,"550000","","","","",,,,,,,"550000","550000","550000","550000","550000","550000","550000","550000","550000","550000","550000","550000","550000","550000","550000","550000","550000","550000","550000","550000","550000","550000","550000","550000",,,,,,,,,,,,,,,,,,,"579990","579990","","","","",,,,,,,,,,,,,,,,,,,,,,,,,"649786"
"rx-6900-xt",,,,,,,,,,,,,,,,,,,,,,,,,,,,,,,,,,,"569990","569990","569990","569990","569990","569990","569990","569990","569990","569990","569990","569990","569990","569990","569990","569990","569990","569990","569990","569990","569990","569990","569990","569990","569990","569990","569990","569990","569990","569990","569990","569990","569990","569990","569990","559990","569990","569990","569990","569990","569990","569990","569990","569990","569990","569990","569990","569990","569990","569990","569990","569990","569990","569990","569990","569990","569990","569990","569990","569990","569990","569990","569990","569990","569990","569990","569990","569990","569990","569990","569990","569990","569990","569990","569990","569990","569990","569990","569990","569990","569990","569990","589990","589990","589990","589990","589990","602690","602690","602690","602690","602690","602690","602690","608840","629990","629990","608840","608840","629990","629990","629990","629990","629990","629990","629990","629990","629990","629990","629990","629990","629990","629990","629990","629990","629990","629990","629990","629990","629990","629990","619990","619990","609990","609990","649990","649990","649990","649990","649990","649990","649990","649990","649990","649990","629990","629990","629990","629990","629990","629990","629990","629990","629990","634990","634990","634990","634990","634990","634990","634990","634990","634990","634990","639990","639990","639990","639990","639990","639990","639990","639990","639990","639990","639990","639990"
"rx-vega-56","161710","161710","161710","161710",,,,,,,,,,,,,,,,,,,,,,,,,,,,,,,,,,,,,,,,,,,,,,,,,,,,,,,,,,,,,,,,,,,,,,,,,,,,,,,,,,,,,,,,,,,,,,,,,,,,,,,,,,,,,,,,,,,,,,,,,,,,,,,,,,,,,,,,,,,,,,,,,,,,,,,,,,,,,,,,,,,,,,,,,,,,,,,,,,,,,,,,,,,,,,,,,,,,
"wx-2100","55190","55190","54990","52490","52780","52790","52790","52790","52890","52590","52490","52490","52490","52490","52590","52590","52590","52590","52590","52590","52490","52490","52490","52490","52490","52490","52490","52490","52490","52490","52490","52490","52490","52490","52490","52490","52490","52490","52590","52590","52590","52590","52590","52590","52790","52790","52790","52790","53290","53290","53290","53290","53290","53290","53290","52990","52990","52990","52990","52990","52890","52890","52890","52890","52890","52890","52890","52890","52890","52890","52890","52890","52890","52890","52890","52890","52890","52890","52890","52690","52690","52690","52690","52690","52690","52790","52790","52790","52790","52790","52790","52690","52690","52690","52690","52690","52690","52690","52690","52790","52790","52790","52790","53090","53090","53090","53090","53090","53090","53090","53090","53090","53090","53090","53090","53090","53090","53090","53090","53090","53090","53490","53490","53490","53490","53590","53590","53590","53590","53590","53590","53590","53590","53190","53590","53190","53290","53290","53290","53290","53290","53290","53290","53490","53490","53490","53490","53490","53490","53490","53490","53490","53490","53490","53490","53490","53490","53490","53490","53490","53490","53590","53590","53590","53590","53590","53490","53490","53490","53490","53490","53490","53490","53490","53490","53290","53290","53290","53290","53290","53290","53290","53290","53290","53290","53290","53290","53290","53290","53290","53290","53290","53290","53290","53290","53290","53290","53290","53290","53290"
"wx-3100","68090","68090","67790","67190","67490","67490","67490","79190","79190","79190","79190","79190","79190","79190","79190","79190","79190","79190","79190","79190","79190","79190","79190","79190","79190","79190","79190","79190","79190","79190","79190","79190","79190","79190","79190","79190","79190","79190","79190","79190","79190","80720","80720","80720","80720","80720","80720","80720","80720","80732","80732","80732","80732","80732","80732","80732","80732","168006","168006","168006","168006","168006","168006","168006","168006","168006","168006","168006","168006","168006","168006","168006","168006","168006","168006","168006","168006","168006","167667","167667","167667","167667","167667","167667","167667","167667","167667",,,,,,,,,,,,,,,,,,,,,,,,,,,,,,,,,,,,,,,,,,,,,,,,,,,,,,,,,,,,,,,,,,,,,,,,,,,,,,,,,,,,,,,,,,,,,,,,,,,,,,,,,,,,,,,,,"168819"
"wx-3200","71250","71250","71250","67090","67390","69780","71610","72100","72280","67190","67090","67090","67090","67090","67190","67190","67190","67190","67190","67190","67090","67090","67090","67090","67090","67090","67090","67090","67090","67090","70090","70090","70090","70090","70090","70090","70090","70090","70190","70190","70190","70190","70190","70190","70390","70390","70390","70390","70390","70990","70990","70990","70990","70990","70590","70590","70590","70590","70590","70590","70490","70490","70490","70490","70490","70490","70490","70490","70490","70490","70490","70490","70490","70490","70490","70490","70490","70490","70490","70290","70290","70290","70290","70290","70290","70290","70290","70290","70290","71880","71880","71880","71880","74036","71610","71610","71610","71610","71610","71610","71610","74449","74449","74449","74449","74449","74449","72280","72280","72280","72280","72280","72280","72280","72280","72280","72280","72280","72140","72140","72140","72140","72140","72280","72280","72280","72280","72280","72280","71880","71880","71880","71880","71880","71880","71480","71480","71476","71476","71476","71754","71754","71754","71754","71754","71754","72048","71610","71610","71610","71610","71610","71603","71610","71610","71610","71610","71872","71872","71872","71872","71872","71872","71872","71873","71950","71950","71907","71907","71907","71950","71933","71933","71950","71950","71950","71933","71930","71930","71930","71930","71930","71907","71800","71800","71907","71907","71907","72255","72255","72255","71460","71460","71460","71460","75080","75080","75080","75080","75080"
"wx-4100","106990","106990","106990","102990","103990","103990","103990","103990","104990","104990","106990","106990","106990","106990","107190","107190","107190","107190","107190","107190","106990","106990","106990","106990","106990","106990","106990","106990","106990","106990","106990","106990","106990","106990","106990","106990","106990","106990","106990","106990","107190","107190","107190","107190","107590","107590","107590","107590","107590","108490","108490","108490","108490","108490","107890","107890","107890","107890","107890","107890","107790","107790","107790","107790","107790","107790","107790","107790","107790","107790","107790","107790","107790","107790","107790","107790","107790","107790","107790","107290","107290","107290","107290","107290","107290","107490","107490","107490","107490","107490","107490","119300","119300","119300","119278","119260","119260","119260","119260","119278","119260","120066","120066","120390","120390","120060","120371","120360","120360","120360","120360","120371","120360","120345","120530","120530","120140","120140","120130","120130","120130","120130","120117","120100","120100","120100","120100","119750","119750","119740","119740","119740","119740","119090","119090","119075","119075","119080","119080","119060","119075","119060","119060","119060","119060","119075","119060","119050","119050","119400","119400","119400","119380","119370","119370","119355","119355","119355","119340","119380","119380","119748","119748","119480","119480","119480","119480","119480","119480","119786","119794","119794","119794","119794","119794","119794","120175","120175","120175","120175","120175","120140","120140","120140","120140","120140","120140","120140","120117","120140","120140","120117","120117","120117","120140","120140","120140","120140","120140","119750"
"wx-5100","152280","152280","152280","152280","152230","153630","146490","146790","146990","146090","145890","145890","145890","145890","146090","146090","146090","146090","146090","146090","145890","145890","145890","145890","145890","145890","145890","145890","145890","145890","145890","145890","145890","145890","145890","145890","145890","145890","145890","145890","146090","146090","146090","146090","146790","146790","146790","146790","146790","147990","147990","147990","147990","147990","147190","147190","147190","147190","147190","147190","146990","146990","146990","166167","166638","166638","166638","166638","166638","166638","166650","166650","166650","166650","166650","164760","164760","164760","164760","164744","164744","164744","164900","164900","165633","165633","165633","165900","165900","165900","165900","169360","169360","170800","169360","166650","166650","166650","166650","167570","167570","167570","167056","167056","167056","167056","167570","167081","167081","167570","167570","167570","167564","167570","167564","167564","166220","166220","166220","166220","166220","167570","167056","167530","167530","167530","167530","166650","166650","170800","170800","170800","170800","170800","179307","179307","179307","179307","179307",,,,,,,,,,,,,,,,,,,,,,,,,,,,,,,,,,,,,,,,,,,,,,,,,,,,,,,,,,,,,
"wx-7100",,,,,"285013","427566","283986","284239","283962","283962","282365","282365","282365","284239","282365","282365","282365","282365","282365","282365","282365","282365","282365","282365","282365","282017","282017","282017","282017","","","","","",,,,,,,,,,,,"243940","243940","243940","243940","243940","243940","260350","260900","261925","265360","265360","265360","282421","282421","282421","282421","282421","282421","282421","282421","282421","282421","282421","282421","282421","282421","282421","282421","282421","282421","282421","282421","282421","281852","281852","281852","281852","281852","281852","280745","280745","280745","280745","280745","281330","281330","281330","281330","281330","281330","281228","281330","281330","281330","281330","281330","281330","281720","281720","281720","281720","281720","281720","281330","281330","281330","281330","281330","281330","281330","281330","281330","281330","281330","281330","281330","281330","281330","281330","283571","283571","283571","283571","283571","283025","283025","283025","283025","283025","283025","281974","281974","281974","281974","281974","281974","283025","283025","283025","283025","283025","283025","283025","283025","283025","283025","283025","283025","283981","283981","283981","283981","283981","283981","283025","283025","283025","283025","283025","283025","283025","283025","283025","283025","283025","283025","283025","283025","283784","283784","283784","283784","283784","283784","283784","283784","283784","283784","283784","283784","283784","283784","283784","283784","283784","283784","283784","283784","283784","283784","283784","283784","283784","283784","283784"
"wx-8200","401890","401890","401890","399720","394310","401900","403680","403680","407340","403680","403680","403680","403680","403680","403680","403680","402500","402500","402500","402500","402500","402500","402500","402500","402500","402500","402500","402500","402500","402500","402500","402500","402500","402500","402500","402500","402500","402500","402500","402500","414260","418280","418280","410320","410320","410320","410320","410320","410320","410320","410320","410320","410320","415250","415250","415250","415250","420730","420730","420730","420730","420730","420730","404900","404900","404900","404900","404900","404900","404900","404900","404900","404900","404900","404900","404900","404900","410320","410320","410320","410320","410320","410320","411520","411520","411520","411520","411520","411520","412720","412720","412720","412720","420730","430690","431940","431940","431940","431940","431940","","","","","",,,,,,,,,,,,,,,,,,,,,,,,,,,,,,,,,,,,,,,,,,,,,,,,,,,,,,,,,,,,,,,,,,,,,,,,,,,,,,,,,,,,,,,,,,,,,,,
